Calendar Year Date to Decad converter,
Date,Decad
1-Jan,1
2-Jan,1
3-Jan,1
4-Jan,1
5-Jan,1
6-Jan,1
7-Jan,1
8-Jan,1
9-Jan,1
10-Jan,1
11-Jan,2
12-Jan,2
13-Jan,2
14-Jan,2
15-Jan,2
16-Jan,2
17-Jan,2
18-Jan,2
19-Jan,2
20-Jan,2
21-Jan,3
22-Jan,3
23-Jan,3
24-Jan,3
25-Jan,3
26-Jan,3
27-Jan,3
28-Jan,3
29-Jan,3
30-Jan,3
31-Jan,3
1-Feb,4
2-Feb,4
3-Feb,4
4-Feb,4
5-Feb,4
6-Feb,4
7-Feb,4
8-Feb,4
9-Feb,4
10-Feb,4
11-Feb,5
12-Feb,5
13-Feb,5
14-Feb,5
15-Feb,5
16-Feb,5
17-Feb,5
18-Feb,5
19-Feb,5
20-Feb,5
21-Feb,6
22-Feb,6
23-Feb,6
24-Feb,6
25-Feb,6
26-Feb,6
27-Feb,6
28-Feb,6
29-Feb,6
1-Mar,7
2-Mar,7
3-Mar,7
4-Mar,7
5-Mar,7
6-Mar,7
7-Mar,7
8-Mar,7
9-Mar,7
10-Mar,7
11-Mar,8
12-Mar,8
13-Mar,8
14-Mar,8
15-Mar,8
16-Mar,8
17-Mar,8
18-Mar,8
19-Mar,8
20-Mar,8
21-Mar,9
22-Mar,9
23-Mar,9
24-Mar,9
25-Mar,9
26-Mar,9
27-Mar,9
28-Mar,9
29-Mar,9
30-Mar,9
31-Mar,9
1-Apr,10
2-Apr,10
3-Apr,10
4-Apr,10
5-Apr,10
6-Apr,10
7-Apr,10
8-Apr,10
9-Apr,10
10-Apr,10
11-Apr,11
12-Apr,11
13-Apr,11
14-Apr,11
15-Apr,11
16-Apr,11
17-Apr,11
18-Apr,11
19-Apr,11
20-Apr,11
21-Apr,12
22-Apr,12
23-Apr,12
24-Apr,12
25-Apr,12
26-Apr,12
27-Apr,12
28-Apr,12
29-Apr,12
30-Apr,12
1-May,13
2-May,13
3-May,13
4-May,13
5-May,13
6-May,13
7-May,13
8-May,13
9-May,13
10-May,13
11-May,14
12-May,14
13-May,14
14-May,14
15-May,14
16-May,14
17-May,14
18-May,14
19-May,14
20-May,14
21-May,15
22-May,15
23-May,15
24-May,15
25-May,15
26-May,15
27-May,15
28-May,15
29-May,15
30-May,15
31-May,15
1-Jun,16
2-Jun,16
3-Jun,16
4-Jun,16
5-Jun,16
6-Jun,16
7-Jun,16
8-Jun,16
9-Jun,16
10-Jun,16
11-Jun,17
12-Jun,17
13-Jun,17
14-Jun,17
15-Jun,17
16-Jun,17
17-Jun,17
18-Jun,17
19-Jun,17
20-Jun,17
21-Jun,18
22-Jun,18
23-Jun,18
24-Jun,18
25-Jun,18
26-Jun,18
27-Jun,18
28-Jun,18
29-Jun,18
30-Jun,18
1-Jul,19
2-Jul,19
3-Jul,19
4-Jul,19
5-Jul,19
6-Jul,19
7-Jul,19
8-Jul,19
9-Jul,19
10-Jul,19
11-Jul,20
12-Jul,20
13-Jul,20
14-Jul,20
15-Jul,20
16-Jul,20
17-Jul,20
18-Jul,20
19-Jul,20
20-Jul,20
21-Jul,21
22-Jul,21
23-Jul,21
24-Jul,21
25-Jul,21
26-Jul,21
27-Jul,21
28-Jul,21
29-Jul,21
30-Jul,21
31-Jul,21
1-Aug,22
2-Aug,22
3-Aug,22
4-Aug,22
5-Aug,22
6-Aug,22
7-Aug,22
8-Aug,22
9-Aug,22
10-Aug,22
11-Aug,23
12-Aug,23
13-Aug,23
14-Aug,23
15-Aug,23
16-Aug,23
17-Aug,23
18-Aug,23
19-Aug,23
20-Aug,23
21-Aug,24
22-Aug,24
23-Aug,24
24-Aug,24
25-Aug,24
26-Aug,24
27-Aug,24
28-Aug,24
29-Aug,24
30-Aug,24
31-Aug,24
1-Sep,25
2-Sep,25
3-Sep,25
4-Sep,25
5-Sep,25
6-Sep,25
7-Sep,25
8-Sep,25
9-Sep,25
10-Sep,25
11-Sep,26
12-Sep,26
13-Sep,26
14-Sep,26
15-Sep,26
16-Sep,26
17-Sep,26
18-Sep,26
19-Sep,26
20-Sep,26
21-Sep,27
22-Sep,27
23-Sep,27
24-Sep,27
25-Sep,27
26-Sep,27
27-Sep,27
28-Sep,27
29-Sep,27
30-Sep,27
1-Oct,28
2-Oct,28
3-Oct,28
4-Oct,28
5-Oct,28
6-Oct,28
7-Oct,28
8-Oct,28
9-Oct,28
10-Oct,28
11-Oct,29
12-Oct,29
13-Oct,29
14-Oct,29
15-Oct,29
16-Oct,29
17-Oct,29
18-Oct,29
19-Oct,29
20-Oct,29
21-Oct,30
22-Oct,30
23-Oct,30
24-Oct,30
25-Oct,30
26-Oct,30
27-Oct,30
28-Oct,30
29-Oct,30
30-Oct,30
31-Oct,30
1-Nov,31
2-Nov,31
3-Nov,31
4-Nov,31
5-Nov,31
6-Nov,31
7-Nov,31
8-Nov,31
9-Nov,31
10-Nov,31
11-Nov,32
12-Nov,32
13-Nov,32
14-Nov,32
15-Nov,32
16-Nov,32
17-Nov,32
18-Nov,32
19-Nov,32
20-Nov,32
21-Nov,33
22-Nov,33
23-Nov,33
24-Nov,33
25-Nov,33
26-Nov,33
27-Nov,33
28-Nov,33
29-Nov,33
30-Nov,33
1-Dec,34
2-Dec,34
3-Dec,34
4-Dec,34
5-Dec,34
6-Dec,34
7-Dec,34
8-Dec,34
9-Dec,34
10-Dec,34
11-Dec,35
12-Dec,35
13-Dec,35
14-Dec,35
15-Dec,35
16-Dec,35
17-Dec,35
18-Dec,35
19-Dec,35
20-Dec,35
21-Dec,36
22-Dec,36
23-Dec,36
24-Dec,36
25-Dec,36
26-Dec,36
27-Dec,36
28-Dec,36
29-Dec,36
30-Dec,36
31-Dec,36